{
  "hash": "ebcd6550a75eb351d7b638b74a9d1e63",
  "result": {
    "markdown": "---\ntitle: \"sunrise\"\nimage: mp.jpeg\nabout: \n  template: jolla \n  image-shape: round\n  image-width: 15em\n  links: \n    - text: Email\n      icon: envelope\n      href: honey@dpsols.com\n    - text: Github\n      icon: github\n      href: https://github.com/Amrutha200106 \n---\n\n\nThis is a Quarto website.\n\nTo learn more about Quarto websites visit <https://quarto.org/docs/websites>.\n\n\n::: {.cell}\n\n```{.r .cell-code}\n1 + 1\n```\n\n::: {.cell-output .cell-output-stdout}\n```\n[1] 2\n```\n:::\n:::\n",
    "supporting": [],
    "filters": [
      "rmarkdown/pagebreak.lua"
    ],
    "includes": {},
    "engineDependencies": {},
    "preserve": {},
    "postProcess": true
  }
}